name	revision	checkout	dirty
zmk-west-commands	main	536260056f362edb2092905f2a75317bc8cb9bc2	False
zmk	main+dya	e5c9b6915b56801193e359dd9bad4a167ce0d1b8	False
zephyr	v4.1.0+zmk-fixes+nrf-half-duplex-uart	7c6b4cc486ecb41a68d9c2b1def2bb3178fbb826	False
zmk-driver-pmw3610-with-custom-studio-rpc	main	5c34ea0eec246a1c986111417cd779b53144629a	False
zmk-feature-os-detection	main	3052679f645b8fc1997275c2eaa6b86bdd55ca01	False
zmk-feature-default-layer	codex/custom-rpc-rewrite	b25cb5b324da2d9bbc84e1877c775f5b2b7c6845	False
zmk-driver-animation	main	fa0479ec3b2fe04a96d9244e620d3c5dd2cfb280	False
zmk-driver-ext-power-transient	main	92b00e3acb438df77c374a2f79857a8406c41bed	False
zmk-module-ble-management	main	57738cc4fc6ba80e82a7ac57741a0339cb186cd4	False
zmk-module-battery-history	main	307755dd2ad4d320e14de162e8e5ef018f29d929	False
zmk-module-runtime-input-processor	main	43618985f8c9d5457cc333b7ca0733f2d361911e	False
zmk-module-settings-rpc	main	78f86df9e6c5edaf57bef3ccbd7f360cfdf49291	False
zmk-feature-input-stream	main	aeb015908a42a7615ccdccc7feb3a10d23132a71	False
zmk-feature-module-physical-layout	main	4f18de45dc27820725d267916b4cdacc0e0b6cf9	False
zmk-feature-custom-settings	main	c6a7fef3a3be3d3ace5de9a4b0628c6418cd1f3f	False
zmk-feature-runtime-combo	main	d9490e7b5d41c516221d131241009e81740efcee	False
zmk-feature-runtime-macro	main	38530962eb7061b60efcb98e84585cfb1f0cb6de	False
zmk-module-devtool	main	9938a2c73c06d6e65ba2c0b68c9aa044a467eafc	False
zmk-feature-studio-rpc-perf	main	b6ccb08cdc46e9e6341b0c42b97f78f05df0939e	False
zmk-feature-zephyr-setting-expose	main	5c89bc71122840ea46032fc241bef8665b99728a	False
zmk-feature-device-info	main	8cedd2dd9f04e19ea5a17b94914dd47a09d8db11	False
zmk-feature-kscan-diagnostics	main	1432f7fe0cfe903cd7d3c9931ae6bd6f2e1f328e	False
zmk-feature-watchdog	main	84ad14c6c3645dc40b23f45d08ab45418655f912	False
zmk-feature-fast-keymap	main	8dac76de0ba38588ba39ca498910e24f8332bc6b	False
hal_stm32	4fcc3a3f32abe1c4cb76d9d1cef967728dd03908	4fcc3a3f32abe1c4cb76d9d1cef967728dd03908	False
lvgl	f1db87ee98f1810328a8419572fa42a3b5f352ae	f1db87ee98f1810328a8419572fa42a3b5f352ae	False
zmk-studio-messages	89b81d2e587fce807b668dff2a6967a40beef421	89b81d2e587fce807b668dff2a6967a40beef421	False
canopennode	dec12fa3f0d790cafa8414a4c2930ea71ab72ffd	dec12fa3f0d790cafa8414a4c2930ea71ab72ffd	False
chre	3b32c76efee705af146124fb4190f71be5a4e36e	3b32c76efee705af146124fb4190f71be5a4e36e	False
lz4	11b8a1e22fa651b524494e55d22b69d3d9cebcfd	11b8a1e22fa651b524494e55d22b69d3d9cebcfd	False
nanopb	7307ce399b81ddcb3c3a5dc862c52d4754328d38	7307ce399b81ddcb3c3a5dc862c52d4754328d38	False
psa-arch-tests	2cadb02a72eacda7042505dcbdd492371e8ce024	2cadb02a72eacda7042505dcbdd492371e8ce024	False
sof	bc08c9c606324cfba0c104f4ffaf5dd456cb11d6	bc08c9c606324cfba0c104f4ffaf5dd456cb11d6	False
tf-m-tests	502ea90105ee18f20c78f710e2ba2ded0fc0756e	502ea90105ee18f20c78f710e2ba2ded0fc0756e	False
tflite-micro	8d404de73acf7687831e16d88e86e4f73cfddf8e	8d404de73acf7687831e16d88e86e4f73cfddf8e	False
thrift	10023645a0e6cb7ce23fcd7fd3dbac9f18df6234	10023645a0e6cb7ce23fcd7fd3dbac9f18df6234	False
zephyr-lang-rust	37dc7fac3fb0372bc0e78e022bef87fcce68c48d	37dc7fac3fb0372bc0e78e022bef87fcce68c48d	False
zscilib	ee1b287d9dd07208d2cc52284240ac25bb66eae3	ee1b287d9dd07208d2cc52284240ac25bb66eae3	False
acpica	8d24867bc9c9d81c81eeac59391cda59333affd4	8d24867bc9c9d81c81eeac59391cda59333affd4	False
babblesim_base	153101c61ce7106f6ba8b108b5c6488efdc1151a	NOT_CHECKED_OUT	-
babblesim_ext_2G4_channel_NtNcable	20a38c997f507b0aa53817aab3d73a462fff7af1	NOT_CHECKED_OUT	-
babblesim_ext_2G4_channel_multiatt	bde72a57384dde7a4310bcf3843469401be93074	NOT_CHECKED_OUT	-
babblesim_ext_2G4_device_WLAN_actmod	9cb6d8e72695f6b785e57443f0629a18069d6ce4	NOT_CHECKED_OUT	-
babblesim_ext_2G4_device_burst_interferer	5b5339351d6e6a2368c686c734dc8b2fc65698fc	NOT_CHECKED_OUT	-
babblesim_ext_2G4_device_playback	abb48cd71ddd4e2a9022f4bf49b2712524c483e8	NOT_CHECKED_OUT	-
babblesim_ext_2G4_libPhyComv1	15ae0f87fa049e04cbec48a866f3bc37d903f950	NOT_CHECKED_OUT	-
babblesim_ext_2G4_modem_BLE_simple	4d2379de510684cd4b1c3bbbb09bce7b5a20bc1f	NOT_CHECKED_OUT	-
babblesim_ext_2G4_modem_magic	edfcda2d3937a74be0a59d6cd47e0f50183453da	NOT_CHECKED_OUT	-
babblesim_ext_2G4_phy_v1	62e797b2c518e5bb6123a198382ed2b64b8c068e	NOT_CHECKED_OUT	-
babblesim_ext_libCryptov1	da246018ebe031e4fe4a8228187fb459e9f3b2fa	NOT_CHECKED_OUT	-
bsim	a88d3353451387ca490a6a7f7c478a90c4ee05b7	NOT_CHECKED_OUT	-
cmsis	d1b8b20b6278615b00e136374540eb1c00dcabe7	d1b8b20b6278615b00e136374540eb1c00dcabe7	False
cmsis-dsp	d80a49b2bb186317dc1db4ac88da49c0ab77e6e7	d80a49b2bb186317dc1db4ac88da49c0ab77e6e7	False
cmsis-nn	e9328d612ea3ea7d0d210d3ac16ea8667c01abdd	e9328d612ea3ea7d0d210d3ac16ea8667c01abdd	False
cmsis_6	783317a3072554acbac86cca2ff24928cbf98d30	783317a3072554acbac86cca2ff24928cbf98d30	False
fatfs	16245c7c41d2b79e74984f49b5202551786b8a9b	16245c7c41d2b79e74984f49b5202551786b8a9b	False
hal_adi	633fcecf3717aaa22079cf6121627a879f24df51	633fcecf3717aaa22079cf6121627a879f24df51	False
hal_ambiq	87a188b91aca22ce3ce7deb4a1cbf7780d784673	87a188b91aca22ce3ce7deb4a1cbf7780d784673	False
hal_atmel	da767444cce3c1d9ccd6b8a35fd7c67dc82d489c	da767444cce3c1d9ccd6b8a35fd7c67dc82d489c	False
hal_espressif	202c59552dc98e5cd02386313e1977ecb17a131f	202c59552dc98e5cd02386313e1977ecb17a131f	False
hal_ethos_u	50ddffca1cc700112f25ad9bc077915a0355ee5d	50ddffca1cc700112f25ad9bc077915a0355ee5d	False
hal_gigadevice	2994b7dde8b0b0fa9b9c0ccb13474b6a486cddc3	2994b7dde8b0b0fa9b9c0ccb13474b6a486cddc3	False
hal_intel	0355bb816263c54eed23c7781034447af5d8200c	0355bb816263c54eed23c7781034447af5d8200c	False
hal_nordic	37ca068d7b013fb65a2acc9306bffa48a3e72839	37ca068d7b013fb65a2acc9306bffa48a3e72839	False
hal_nuvoton	466c3eed9c98453fb23953bf0e0427fea01924be	466c3eed9c98453fb23953bf0e0427fea01924be	False
hal_quicklogic	bad894440fe72c814864798c8e3a76d13edffb6c	bad894440fe72c814864798c8e3a76d13edffb6c	False
hal_renesas	3204903bdc5eda6869a40363560a69369c8d0e22	3204903bdc5eda6869a40363560a69369c8d0e22	False
hal_rpi_pico	7b57b24588797e6e7bf18b6bda168e6b96374264	7b57b24588797e6e7bf18b6bda168e6b96374264	False
hal_silabs	8a173e9e566a396a19d18da4661cb54ce098f268	8a173e9e566a396a19d18da4661cb54ce098f268	False
hal_tdk	6727477af1e46fa43878102489b9672a9d24e39f	6727477af1e46fa43878102489b9672a9d24e39f	False
hal_telink	4226c7fc17d5a34e557d026d428fc766191a0800	4226c7fc17d5a34e557d026d428fc766191a0800	False
hal_wch	1de9d3e406726702ce7cfc504509a02ecc463554	1de9d3e406726702ce7cfc504509a02ecc463554	False
hal_wurthelektronik	e3e2797b224fc48fdef1bc3e5a12a7c73108bba2	e3e2797b224fc48fdef1bc3e5a12a7c73108bba2	False
hostap	697fd2cf5cbbd0c5375fc34761b6a9d7489a67d2	697fd2cf5cbbd0c5375fc34761b6a9d7489a67d2	False
liblc3	48bbd3eacd36e99a57317a0a4867002e0b09e183	48bbd3eacd36e99a57317a0a4867002e0b09e183	False
libmctp	b97860e78998551af99931ece149eeffc538bdb1	b97860e78998551af99931ece149eeffc538bdb1	False
libmetal	3e8781aae9d7285203118c05bc01d4eb0ca565a7	3e8781aae9d7285203118c05bc01d4eb0ca565a7	False
littlefs	ed0531d59ee37f5fb2762bcf2fc8ba4efaf82656	ed0531d59ee37f5fb2762bcf2fc8ba4efaf82656	False
mbedtls	4952e1328529ee549d412b498ea71c54f30aa3b1	4952e1328529ee549d412b498ea71c54f30aa3b1	False
mipi-sys-t	33e5c23cbedda5ba12dbe50c4baefb362a791001	33e5c23cbedda5ba12dbe50c4baefb362a791001	False
nrf_hw_models	73a5d5827a94820be65b7d276d28173ec10bab9f	73a5d5827a94820be65b7d276d28173ec10bab9f	False
nrf_wifi	e35f707a782b7c4c0eb83a3b06ca4e6eb693f29f	e35f707a782b7c4c0eb83a3b06ca4e6eb693f29f	False
open-amp	52bb1783521c62c019451cee9b05b8eda9d7425f	52bb1783521c62c019451cee9b05b8eda9d7425f	False
percepio	49e6dc202aa38c2a3edbafcc2dab85dec6aee973	49e6dc202aa38c2a3edbafcc2dab85dec6aee973	False
picolibc	82d62ed1ac55b4e34a12d0390aced2dc9af13fc9	82d62ed1ac55b4e34a12d0390aced2dc9af13fc9	False
segger	cf56b1d9c80f81a26e2ac5727c9cf177116a4692	cf56b1d9c80f81a26e2ac5727c9cf177116a4692	False
tinycrypt	1012a3ebee18c15ede5efc8332ee2fc37817670f	1012a3ebee18c15ede5efc8332ee2fc37817670f	False
trusted-firmware-a	713ffbf96c5bcbdeab757423f10f73eb304eff07	713ffbf96c5bcbdeab757423f10f73eb304eff07	False
uoscore-uedhoc	54abc109c9c0adfd53c70077744c14e454f04f4a	54abc109c9c0adfd53c70077744c14e454f04f4a	False
zcbor	9b07780aca6fb21f82a241ba386ad9b379809337	9b07780aca6fb21f82a241ba386ad9b379809337	False
